Workbook

Sheet Sheet1
A1: sasdate | B1: GDPC1 | C1: PCECTPI | D1: FEDFUNDS | E1: INDPRO | F1: UNRATE
A2: 21553 | B2: 3352.129 | C2: 15.177 | D2: 2.57 | E2: 22.3608 | F2: 5.8333
A3: 21556 | B3: 3427.667 | C3: 15.239 | D3: 3.0833 | E3: 23.4452 | F3: 5.1
A4: 21559 | B4: 3430.057 | C4: 15.331 | D4: 3.5767 | E4: 22.4862 | F4: 5.2667
A5: 21562 | B5: 3439.832 | C5: 15.415 | D5: 3.99 | E5: 22.5938 | F5: 5.6
A6: 21918 | B6: 3517.181 | C6: 15.435 | D6: 3.9333 | E6: 23.9561 | F6: 5.1333
A7: 21921 | B7: 3498.246 | C7: 15.515 | D7: 3.6967 | E7: 23.4363 | F7: 5.2333
A8: 21924 | B8: 3515.385 | C8: 15.574 | D8: 2.9367 | E8: 23.0509 | F8: 5.5333
A9: 21927 | B9: 3470.278 | C9: 15.642 | D9: 2.2967 | E9: 22.4952 | F9: 6.2667
A10: 22284 | B10: 3493.703 | C10: 15.671 | D10: 2.0033 | E10: 22.1547 | F10: 6.8
A11: 22287 | B11: 3553.021 | C11: 15.67 | D11: 1.7333 | E11: 23.033 | F11: 7
A12: 22290 | B12: 3621.252 | C12: 15.726 | D12: 1.6833 | E12: 23.7679 | F12: 6.7667
A13: 22293 | B13: 3692.289 | C13: 15.743 | D13: 2.4 | E13: 24.6013 | F13: 6.2
... A260: 44935 | B260: 22491.567 | C260: 120.912 | D260: 5.26 | E260: 103.2552 | F260: 3.7

Sheet Sheet2
A1: 1959.25 | B1: =(LN(Sheet1!B3)-LN(Sheet1!B2))*400 -> 8.9136754 | C1: =(LN(Sheet1!C3)-LN(Sheet1!C2))*400 -> 1.6307229 | D1: =Sheet1!D3 -> 3.0833 | E1: =(LN(Sheet1!E3)-LN(Sheet1!E2))*400 -> 18.942543 | F1: =Sheet1!F3 -> 5.1
A2: 1959.5 | B2: =(LN(Sheet1!B4)-LN(Sheet1!B3))*400 -> 0.27880972 | C2: =(LN(Sheet1!C4)-LN(Sheet1!C3))*400 -> 2.4075964 | D2: =Sheet1!D4 -> 3.5767 | E2: =(LN(Sheet1!E4)-LN(Sheet1!E3))*400 -> -16.705598 | F2: =Sheet1!F4 -> 5.2667
A3: 1959.75 | B3: =(LN(Sheet1!B5)-LN(Sheet1!B4))*400 -> 1.1383015 | C3: =(LN(Sheet1!C5)-LN(Sheet1!C4))*400 -> 2.1856556 | D3: =Sheet1!D5 -> 3.99 | E3: =(LN(Sheet1!E5)-LN(Sheet1!E4))*400 -> 1.9094979 | F3: =Sheet1!F5 -> 5.6
A4: 1960 | B4: =(LN(Sheet1!B6)-LN(Sheet1!B5))*400 -> 8.8948734 | C4: =(LN(Sheet1!C6)-LN(Sheet1!C5))*400 -> 0.51863865 | D4: =Sheet1!D6 -> 3.9333 | E4: =(LN(Sheet1!E6)-LN(Sheet1!E5))*400 -> 23.418983 | F4: =Sheet1!F6 -> 5.1333
A5: 1960.25 | B5: =(LN(Sheet1!B7)-LN(Sheet1!B6))*400 -> -2.1592466 | C5: =(LN(Sheet1!C7)-LN(Sheet1!C6))*400 -> 2.067856 | D5: =Sheet1!D7 -> 3.6967 | E5: =(LN(Sheet1!E7)-LN(Sheet1!E6))*400 -> -8.7747545 | F5: =Sheet1!F7 -> 5.2333
A6: 1960.5 | B6: =(LN(Sheet1!B8)-LN(Sheet1!B7))*400 -> 1.9549399 | C6: =(LN(Sheet1!C8)-LN(Sheet1!C7))*400 -> 1.5182237 | D6: =Sheet1!D8 -> 2.9367 | E6: =(LN(Sheet1!E8)-LN(Sheet1!E7))*400 -> -6.6325153 | F6: =Sheet1!F8 -> 5.5333
A7: 1960.75 | B7: =(LN(Sheet1!B9)-LN(Sheet1!B8))*400 -> -5.1657375 | C7: =(LN(Sheet1!C9)-LN(Sheet1!C8))*400 -> 1.7426988 | D7: =Sheet1!D9 -> 2.2967 | E7: =(LN(Sheet1!E9)-LN(Sheet1!E8))*400 -> -9.7611444 | F7: =Sheet1!F9 -> 6.2667
A8: 1961 | B8: =(LN(Sheet1!B10)-LN(Sheet1!B9))*400 -> 2.6909997 | C8: =(LN(Sheet1!C10)-LN(Sheet1!C9))*400 -> 0.74090654 | D8: =Sheet1!D10 -> 2.0033 | E8: =(LN(Sheet1!E10)-LN(Sheet1!E9))*400 -> -6.1009158 | F8: =Sheet1!F10 -> 6.8
A9: 1961.25 | B9: =(LN(Sheet1!B11)-LN(Sheet1!B10))*400 -> 6.7344089 | C9: =(LN(Sheet1!C11)-LN(Sheet1!C10))*400 -> -0.025525669 | D9: =Sheet1!D11 -> 1.7333 | E9: =(LN(Sheet1!E11)-LN(Sheet1!E10))*400 -> 15.551323 | F9: =Sheet1!F11 -> 7
A10: 1961.5 | B10: =(LN(Sheet1!B12)-LN(Sheet1!B11))*400 -> 7.608638 | C10: =(LN(Sheet1!C12)-LN(Sheet1!C11))*400 -> 1.4269349 | D10: =Sheet1!D12 -> 1.6833 | E10: =(LN(Sheet1!E12)-LN(Sheet1!E11))*400 -> 12.563184 | F10: =Sheet1!F12 -> 6.7667
A11: 1961.75 | B11: =(LN(Sheet1!B13)-LN(Sheet1!B12))*400 -> 7.7707074 | C11: =(LN(Sheet1!C13)-LN(Sheet1!C12))*400 -> 0.43217139 | D11: =Sheet1!D13 -> 2.4 | E11: =(LN(Sheet1!E13)-LN(Sheet1!E12))*400 -> 13.785343 | F11: =Sheet1!F13 -> 6.2
A12: 1962 | B12: =(LN(Sheet1!B14)-LN(Sheet1!B13))*400 -> 7.0717703 | C12: =(LN(Sheet1!C14)-LN(Sheet1!C13))*400 -> 1.7240313 | D12: =Sheet1!D14 -> 2.4567 | E12: =(LN(Sheet1!E14)-LN(Sheet1!E13))*400 -> 5.9311034 | F12: =Sheet1!F14 -> 5.6333
... A258: 2023.5 | B258: =(LN(Sheet1!B260)-LN(Sheet1!B259))*400 -> 4.7627639 | C258: =(LN(Sheet1!C260)-LN(Sheet1!C259))*400 -> 2.8818664 | D258: =Sheet1!D260 -> 5.26 | E258: =(LN(Sheet1!E260)-LN(Sheet1!E259))*400 -> 1.7992042 | F258: =Sheet1!F260 -> 3.7
